30607595,https://archiveofourown.org/works?commit=Sort+and+Filter&work_search%5Bsort_column%5D=kudos_count&include_work_search%5Brelationship_ids%5D%5B%5D=37239385&work_search%5Bother_tag_names%5D=&work_search%5Bexcluded_tag_names%5D=&work_search%5Bcrossover%5D=&work_search%5Bcomplete%5D=T&work_search%5Bwords_from%5D=&work_search%5Bwords_to%5D=&work_search%5Bdate_from%5D=&work_search%5Bdate_to%5D=&work_search%5Bquery%5D=&work_search%5Blanguage_id%5D=&tag_id=Formula+1+RPF
56509411,https://archiveofourown.org/works?commit=Sort+and+Filter&work_search%5Bsort_column%5D=kudos_count&include_work_search%5Brelationship_ids%5D%5B%5D=37239385&work_search%5Bother_tag_names%5D=&work_search%5Bexcluded_tag_names%5D=&work_search%5Bcrossover%5D=&work_search%5Bcomplete%5D=T&work_search%5Bwords_from%5D=&work_search%5Bwords_to%5D=&work_search%5Bdate_from%5D=&work_search%5Bdate_to%5D=&work_search%5Bquery%5D=&work_search%5Blanguage_id%5D=&tag_id=Formula+1+RPF
43196685,https://archiveofourown.org/works?commit=Sort+and+Filter&work_search%5Bsort_column%5D=kudos_count&include_work_search%5Brelationship_ids%5D%5B%5D=37239385&work_search%5Bother_tag_names%5D=&work_search%5Bexcluded_tag_names%5D=&work_search%5Bcrossover%5D=&work_search%5Bcomplete%5D=T&work_search%5Bwords_from%5D=&work_search%5Bwords_to%5D=&work_search%5Bdate_from%5D=&work_search%5Bdate_to%5D=&work_search%5Bquery%5D=&work_search%5Blanguage_id%5D=&tag_id=Formula+1+RPF
60502723,https://archiveofourown.org/works?commit=Sort+and+Filter&work_search%5Bsort_column%5D=kudos_count&include_work_search%5Brelationship_ids%5D%5B%5D=37239385&work_search%5Bother_tag_names%5D=&work_search%5Bexcluded_tag_names%5D=&work_search%5Bcrossover%5D=&work_search%5Bcomplete%5D=T&work_search%5Bwords_from%5D=&work_search%5Bwords_to%5D=&work_search%5Bdate_from%5D=&work_search%5Bdate_to%5D=&work_search%5Bquery%5D=&work_search%5Blanguage_id%5D=&tag_id=Formula+1+RPF
51159550,https://archiveofourown.org/works?commit=Sort+and+Filter&work_search%5Bsort_column%5D=kudos_count&include_work_search%5Brelationship_ids%5D%5B%5D=37239385&work_search%5Bother_tag_names%5D=&work_search%5Bexcluded_tag_names%5D=&work_search%5Bcrossover%5D=&work_search%5Bcomplete%5D=T&work_search%5Bwords_from%5D=&work_search%5Bwords_to%5D=&work_search%5Bdate_from%5D=&work_search%5Bdate_to%5D=&work_search%5Bquery%5D=&work_search%5Blanguage_id%5D=&tag_id=Formula+1+RPF
50464201,https://archiveofourown.org/works?commit=Sort+and+Filter&work_search%5Bsort_column%5D=kudos_count&include_work_search%5Brelationship_ids%5D%5B%5D=37239385&work_search%5Bother_tag_names%5D=&work_search%5Bexcluded_tag_names%5D=&work_search%5Bcrossover%5D=&work_search%5Bcomplete%5D=T&work_search%5Bwords_from%5D=&work_search%5Bwords_to%5D=&work_search%5Bdate_from%5D=&work_search%5Bdate_to%5D=&work_search%5Bquery%5D=&work_search%5Blanguage_id%5D=&tag_id=Formula+1+RPF
58933411,https://archiveofourown.org/works?commit=Sort+and+Filter&work_search%5Bsort_column%5D=kudos_count&include_work_search%5Brelationship_ids%5D%5B%5D=37239385&work_search%5Bother_tag_names%5D=&work_search%5Bexcluded_tag_names%5D=&work_search%5Bcrossover%5D=&work_search%5Bcomplete%5D=T&work_search%5Bwords_from%5D=&work_search%5Bwords_to%5D=&work_search%5Bdate_from%5D=&work_search%5Bdate_to%5D=&work_search%5Bquery%5D=&work_search%5Blanguage_id%5D=&tag_id=Formula+1+RPF
55990138,https://archiveofourown.org/works?commit=Sort+and+Filter&work_search%5Bsort_column%5D=kudos_count&include_work_search%5Brelationship_ids%5D%5B%5D=37239385&work_search%5Bother_tag_names%5D=&work_search%5Bexcluded_tag_names%5D=&work_search%5Bcrossover%5D=&work_search%5Bcomplete%5D=T&work_search%5Bwords_from%5D=&work_search%5Bwords_to%5D=&work_search%5Bdate_from%5D=&work_search%5Bdate_to%5D=&work_search%5Bquery%5D=&work_search%5Blanguage_id%5D=&tag_id=Formula+1+RPF
54789499,https://archiveofourown.org/works?commit=Sort+and+Filter&work_search%5Bsort_column%5D=kudos_count&include_work_search%5Brelationship_ids%5D%5B%5D=37239385&work_search%5Bother_tag_names%5D=&work_search%5Bexcluded_tag_names%5D=&work_search%5Bcrossover%5D=&work_search%5Bcomplete%5D=T&work_search%5Bwords_from%5D=&work_search%5Bwords_to%5D=&work_search%5Bdate_from%5D=&work_search%5Bdate_to%5D=&work_search%5Bquery%5D=&work_search%5Blanguage_id%5D=&tag_id=Formula+1+RPF
58563826,https://archiveofourown.org/works?commit=Sort+and+Filter&work_search%5Bsort_column%5D=kudos_count&include_work_search%5Brelationship_ids%5D%5B%5D=37239385&work_search%5Bother_tag_names%5D=&work_search%5Bexcluded_tag_names%5D=&work_search%5Bcrossover%5D=&work_search%5Bcomplete%5D=T&work_search%5Bwords_from%5D=&work_search%5Bwords_to%5D=&work_search%5Bdate_from%5D=&work_search%5Bdate_to%5D=&work_search%5Bquery%5D=&work_search%5Blanguage_id%5D=&tag_id=Formula+1+RPF
42359439,https://archiveofourown.org/works?commit=Sort+and+Filter&work_search%5Bsort_column%5D=kudos_count&include_work_search%5Brelationship_ids%5D%5B%5D=37239385&work_search%5Bother_tag_names%5D=&work_search%5Bexcluded_tag_names%5D=&work_search%5Bcrossover%5D=&work_search%5Bcomplete%5D=T&work_search%5Bwords_from%5D=&work_search%5Bwords_to%5D=&work_search%5Bdate_from%5D=&work_search%5Bdate_to%5D=&work_search%5Bquery%5D=&work_search%5Blanguage_id%5D=&tag_id=Formula+1+RPF
48327706,https://archiveofourown.org/works?commit=Sort+and+Filter&work_search%5Bsort_column%5D=kudos_count&include_work_search%5Brelationship_ids%5D%5B%5D=37239385&work_search%5Bother_tag_names%5D=&work_search%5Bexcluded_tag_names%5D=&work_search%5Bcrossover%5D=&work_search%5Bcomplete%5D=T&work_search%5Bwords_from%5D=&work_search%5Bwords_to%5D=&work_search%5Bdate_from%5D=&work_search%5Bdate_to%5D=&work_search%5Bquery%5D=&work_search%5Blanguage_id%5D=&tag_id=Formula+1+RPF
53439244,https://archiveofourown.org/works?commit=Sort+and+Filter&work_search%5Bsort_column%5D=kudos_count&include_work_search%5Brelationship_ids%5D%5B%5D=37239385&work_search%5Bother_tag_names%5D=&work_search%5Bexcluded_tag_names%5D=&work_search%5Bcrossover%5D=&work_search%5Bcomplete%5D=T&work_search%5Bwords_from%5D=&work_search%5Bwords_to%5D=&work_search%5Bdate_from%5D=&work_search%5Bdate_to%5D=&work_search%5Bquery%5D=&work_search%5Blanguage_id%5D=&tag_id=Formula+1+RPF
58402552,https://archiveofourown.org/works?commit=Sort+and+Filter&work_search%5Bsort_column%5D=kudos_count&include_work_search%5Brelationship_ids%5D%5B%5D=37239385&work_search%5Bother_tag_names%5D=&work_search%5Bexcluded_tag_names%5D=&work_search%5Bcrossover%5D=&work_search%5Bcomplete%5D=T&work_search%5Bwords_from%5D=&work_search%5Bwords_to%5D=&work_search%5Bdate_from%5D=&work_search%5Bdate_to%5D=&work_search%5Bquery%5D=&work_search%5Blanguage_id%5D=&tag_id=Formula+1+RPF
67325449,https://archiveofourown.org/works?commit=Sort+and+Filter&work_search%5Bsort_column%5D=kudos_count&include_work_search%5Brelationship_ids%5D%5B%5D=37239385&work_search%5Bother_tag_names%5D=&work_search%5Bexcluded_tag_names%5D=&work_search%5Bcrossover%5D=&work_search%5Bcomplete%5D=T&work_search%5Bwords_from%5D=&work_search%5Bwords_to%5D=&work_search%5Bdate_from%5D=&work_search%5Bdate_to%5D=&work_search%5Bquery%5D=&work_search%5Blanguage_id%5D=&tag_id=Formula+1+RPF
33766177,https://archiveofourown.org/works?commit=Sort+and+Filter&work_search%5Bsort_column%5D=kudos_count&include_work_search%5Brelationship_ids%5D%5B%5D=37239385&work_search%5Bother_tag_names%5D=&work_search%5Bexcluded_tag_names%5D=&work_search%5Bcrossover%5D=&work_search%5Bcomplete%5D=T&work_search%5Bwords_from%5D=&work_search%5Bwords_to%5D=&work_search%5Bdate_from%5D=&work_search%5Bdate_to%5D=&work_search%5Bquery%5D=&work_search%5Blanguage_id%5D=&tag_id=Formula+1+RPF
48525073,https://archiveofourown.org/works?commit=Sort+and+Filter&work_search%5Bsort_column%5D=kudos_count&include_work_search%5Brelationship_ids%5D%5B%5D=37239385&work_search%5Bother_tag_names%5D=&work_search%5Bexcluded_tag_names%5D=&work_search%5Bcrossover%5D=&work_search%5Bcomplete%5D=T&work_search%5Bwords_from%5D=&work_search%5Bwords_to%5D=&work_search%5Bdate_from%5D=&work_search%5Bdate_to%5D=&work_search%5Bquery%5D=&work_search%5Blanguage_id%5D=&tag_id=Formula+1+RPF
48604429,https://archiveofourown.org/works?commit=Sort+and+Filter&work_search%5Bsort_column%5D=kudos_count&include_work_search%5Brelationship_ids%5D%5B%5D=37239385&work_search%5Bother_tag_names%5D=&work_search%5Bexcluded_tag_names%5D=&work_search%5Bcrossover%5D=&work_search%5Bcomplete%5D=T&work_search%5Bwords_from%5D=&work_search%5Bwords_to%5D=&work_search%5Bdate_from%5D=&work_search%5Bdate_to%5D=&work_search%5Bquery%5D=&work_search%5Blanguage_id%5D=&tag_id=Formula+1+RPF
52373614,https://archiveofourown.org/works?commit=Sort+and+Filter&work_search%5Bsort_column%5D=kudos_count&include_work_search%5Brelationship_ids%5D%5B%5D=37239385&work_search%5Bother_tag_names%5D=&work_search%5Bexcluded_tag_names%5D=&work_search%5Bcrossover%5D=&work_search%5Bcomplete%5D=T&work_search%5Bwords_from%5D=&work_search%5Bwords_to%5D=&work_search%5Bdate_from%5D=&work_search%5Bdate_to%5D=&work_search%5Bquery%5D=&work_search%5Blanguage_id%5D=&tag_id=Formula+1+RPF
44948902,https://archiveofourown.org/works?commit=Sort+and+Filter&work_search%5Bsort_column%5D=kudos_count&include_work_search%5Brelationship_ids%5D%5B%5D=37239385&work_search%5Bother_tag_names%5D=&work_search%5Bexcluded_tag_names%5D=&work_search%5Bcrossover%5D=&work_search%5Bcomplete%5D=T&work_search%5Bwords_from%5D=&work_search%5Bwords_to%5D=&work_search%5Bdate_from%5D=&work_search%5Bdate_to%5D=&work_search%5Bquery%5D=&work_search%5Blanguage_id%5D=&tag_id=Formula+1+RPF
